{
    "calibration": {
        "x": 3571.9416946308725,
        "y": 4073.1145134228186,
        "z": 7.453020134228188
    }
}